distribution_id,source_file,media_type,byte_size,checksum_algorithm,checksum_value,role,current_editability,source_registry_ids,dataset_release_id,release_file_id,provenance_status
repo:data/01-plantages-dataset - Suriname Plantation Dataset Version 1.0/Suriname Plantation Dataset Version 1.0.csv,data/01-plantages-dataset - Suriname Plantation Dataset Version 1.0/Suriname Plantation Dataset Version 1.0.csv,text/csv,75410,SHA-256,c7da5731fc9e17cf7ea888c11d530eebbb2638bacea0dac26c3c8064b3b10834,source-distribution,immutable-source,,,,repository-path-and-checksum-recorded; source-and-deposited-release-unresolved
repo:data/02-death-certificates - Suriname Death Certificates 1845-1915 Version 1.0/Suriname_death_certificates_1845_1915.csv,data/02-death-certificates - Suriname Death Certificates 1845-1915 Version 1.0/Suriname_death_certificates_1845_1915.csv,text/csv,56148734,SHA-256,e0131894f405de6c8dcedc3c9f251e0066ea7785d20d3a009ffafcb16e1aa9ff,source-distribution,immutable-source,,,,repository-path-and-checksum-recorded; source-and-deposited-release-unresolved
repo:data/03-birth-certificates - Paramaribo Birth Certificates 1828-1921 Version 1.0/Paramaribo_birth_certificates_V1.0.csv,data/03-birth-certificates - Paramaribo Birth Certificates 1828-1921 Version 1.0/Paramaribo_birth_certificates_V1.0.csv,text/csv,40456577,SHA-256,3357369a58d07efccfb195591c93a865c24085bb7ba712a16ca84c6280038aa5,source-distribution,immutable-source,,,,repository-path-and-checksum-recorded; source-and-deposited-release-unresolved
repo:data/04-ward-registers - Paramaribo Ward Registers 1828-1847/Standardization of street names/street standardization 20240328.csv,data/04-ward-registers - Paramaribo Ward Registers 1828-1847/Standardization of street names/street standardization 20240328.csv,text/csv,5626,SHA-256,bfcc2e13d6d6f961353fdd8e07b2b2df6dc9cf6291e92130fcb1fa3d317e7a9d,source-distribution,immutable-source,,,,repository-path-and-checksum-recorded; source-and-deposited-release-unresolved
repo:data/04-ward-registers - Paramaribo Ward Registers 1828-1847/WR28-47.csv,data/04-ward-registers - Paramaribo Ward Registers 1828-1847/WR28-47.csv,text/csv,42829173,SHA-256,2792fd709c5ab2f800527e2793c9e9628857fb4cb41ea46bcd1110268cd70f81,source-distribution,immutable-source,,,,repository-path-and-checksum-recorded; source-and-deposited-release-unresolved
repo:data/04-ward-registers - Paramaribo Ward Registers 1828-1847/religion standardization.csv,data/04-ward-registers - Paramaribo Ward Registers 1828-1847/religion standardization.csv,text/csv,4918,SHA-256,fe888c61e103963c699d488f18a28df5a694b3e6831f687a5151b80a1a8e26d9,source-distribution,immutable-source,,,,repository-path-and-checksum-recorded; source-and-deposited-release-unresolved
repo:data/05-slave-emancipation - Suriname Slave and Emancipation Registers Dataset Version 1.1/Dataset Suriname Slave and Emancipation Registers Version 1.1.csv,data/05-slave-emancipation - Suriname Slave and Emancipation Registers Dataset Version 1.1/Dataset Suriname Slave and Emancipation Registers Version 1.1.csv,text/csv,55286454,SHA-256,13e447878e18e1ba4d05c133a85cfa3216f54228be25fe26c91727ab4f02db62,source-distribution,immutable-source,,,,repository-path-and-checksum-recorded; source-and-deposited-release-unresolved
repo:data/06-almanakken - Plantations Surinaamse Almanakken/Plantations Surinaamse Almanakken v2.0 (1).csv,data/06-almanakken - Plantations Surinaamse Almanakken/Plantations Surinaamse Almanakken v2.0 (1).csv,text/csv,6018067,SHA-256,a3999b4479405594c144a0bd0872a71346e9087d25c3a79d944978a481f20a1a,source-distribution,immutable-source,almanakken,,,source-linked; repository-path-and-checksum-recorded; deposited-release-unresolved
repo:data/07-gis-plantation-map-1930/military_posts_1882.csv,data/07-gis-plantation-map-1930/military_posts_1882.csv,text/csv,3877,SHA-256,57b6753cc23fd4bca86f8c30915a865591c95c7fb8c801e7dbbec8cedd957084,source-distribution,immutable-source,,,,repository-path-and-checksum-recorded; source-and-deposited-release-unresolved
repo:data/07-gis-plantation-map-1930/places.csv,data/07-gis-plantation-map-1930/places.csv,text/csv,20433,SHA-256,600838751cc373e8278a8950e766e0ec6ee067734fab51fc1032b96ada10151a,source-distribution,immutable-source,,,,repository-path-and-checksum-recorded; source-and-deposited-release-unresolved
repo:data/07-gis-plantation-map-1930/plantation_polygons_1930.csv,data/07-gis-plantation-map-1930/plantation_polygons_1930.csv,text/csv,527066,SHA-256,86ad9fbc560852d07805867249d6e22f74b3ba4ebf1736cbe7b5d9134bea640d,source-distribution,immutable-source,,,,repository-path-and-checksum-recorded; source-and-deposited-release-unresolved
repo:data/07-gis-plantation-map-1930/railroad_1930.csv,data/07-gis-plantation-map-1930/railroad_1930.csv,text/csv,13733,SHA-256,e74b8b6a88b199bffc7ce2501b1639b1d8b0410f8abb3af9adc48b8b959ad993,source-distribution,immutable-source,,,,repository-path-and-checksum-recorded; source-and-deposited-release-unresolved
repo:data/07-gis-plantation-map-1930/rivers.csv,data/07-gis-plantation-map-1930/rivers.csv,text/csv,357604,SHA-256,28ac54bcc8cb0c43fc2a0abbdce81bb6355eafbcab9f192fc0b47e6845d270e9,source-distribution,immutable-source,,,,repository-path-and-checksum-recorded; source-and-deposited-release-unresolved
repo:data/07-gis-plantation-map-1930/roads_1930.csv,data/07-gis-plantation-map-1930/roads_1930.csv,text/csv,25390,SHA-256,e9061a35701dded768463b3b34889e3c2ddb276e77aafc9e4db4573347b274ec,source-distribution,immutable-source,,,,repository-path-and-checksum-recorded; source-and-deposited-release-unresolved
repo:data/07-gis-plantation-map-1930/streetsParamaribo1916map.geojson,data/07-gis-plantation-map-1930/streetsParamaribo1916map.geojson,application/geo+json,63777,SHA-256,72113477c53d63e8e95e06c29cfbb33ed6ae881ee73444f64095080b163ff5d2,source-distribution,immutable-source,,,,repository-path-and-checksum-recorded; source-and-deposited-release-unresolved
repo:data/08-place-points-qgis/export20260619/districts_paramaribo_NW_1837.geojson,data/08-place-points-qgis/export20260619/districts_paramaribo_NW_1837.geojson,application/geo+json,5993,SHA-256,fbad0c1a994d171ffae2700da6c8a7828efdfffd1a3a9cf8cc4538ec73946c78,source-distribution,immutable-source,,,,repository-path-and-checksum-recorded; source-and-deposited-release-unresolved
repo:data/08-place-points-qgis/export20260619/districts_paramaribo_NW_1885.geojson,data/08-place-points-qgis/export20260619/districts_paramaribo_NW_1885.geojson,application/geo+json,6408,SHA-256,a64e3310e7d92e3bc03646ed11e8bb2cca8bee69ecfe20939ff1a7c5396a3e2d,source-distribution,immutable-source,,,,repository-path-and-checksum-recorded; source-and-deposited-release-unresolved
repo:data/08-place-points-qgis/export20260619/districts_paramaribo_NW_1916.geojson,data/08-place-points-qgis/export20260619/districts_paramaribo_NW_1916.geojson,application/geo+json,8064,SHA-256,fa088f498654df844b78ac2626e0198dbea853c1604135af7fae73dafbb3eaac,source-distribution,immutable-source,,,,repository-path-and-checksum-recorded; source-and-deposited-release-unresolved
repo:data/08-place-points-qgis/export20260619/districts_paramaribo_OW_1804.geojson,data/08-place-points-qgis/export20260619/districts_paramaribo_OW_1804.geojson,application/geo+json,4457,SHA-256,597debbaf38e1c6ebc30dd8b4f0ef6e31787a92d4e0dd745dbb3543f19adfb46,source-distribution,immutable-source,,,,repository-path-and-checksum-recorded; source-and-deposited-release-unresolved
repo:data/08-place-points-qgis/export20260619/districts_paramaribo_OW_1817.geojson,data/08-place-points-qgis/export20260619/districts_paramaribo_OW_1817.geojson,application/geo+json,7306,SHA-256,c09800a16fc7791bc5faf98bd57c16b200db84702d20daec0cb9291c12784fae,source-distribution,immutable-source,,,,repository-path-and-checksum-recorded; source-and-deposited-release-unresolved
repo:data/08-place-points-qgis/export20260619/locatiepunten1885.geojson,data/08-place-points-qgis/export20260619/locatiepunten1885.geojson,application/geo+json,1406005,SHA-256,23c590367136282fa87421861839bc60f0d804e6898742b27e4b74faf73aab03,source-distribution,immutable-source,,,,repository-path-and-checksum-recorded; source-and-deposited-release-unresolved
repo:data/08-place-points-qgis/export20260619/streetsParamaribo1758map.geojson,data/08-place-points-qgis/export20260619/streetsParamaribo1758map.geojson,application/geo+json,18058,SHA-256,51213ce175bc42049f2cc2ff4600a8baef6bfa972443ec8bae7c02ff835f60ab,source-distribution,immutable-source,,,,repository-path-and-checksum-recorded; source-and-deposited-release-unresolved
repo:data/08-place-points-qgis/export20260619/streetsParamaribo1772map.geojson,data/08-place-points-qgis/export20260619/streetsParamaribo1772map.geojson,application/geo+json,25233,SHA-256,4b2cdeba574178923d800146fd9b0ec3f401482f2f830f5dd66fb914e22376b9,source-distribution,immutable-source,,,,repository-path-and-checksum-recorded; source-and-deposited-release-unresolved
repo:data/08-place-points-qgis/export20260619/streetsParamaribo1804map.geojson,data/08-place-points-qgis/export20260619/streetsParamaribo1804map.geojson,application/geo+json,37942,SHA-256,cd388c815ab725959a0b84090932a1649dea622bc81b44fbdbad3caee19251a8,source-distribution,immutable-source,,,,repository-path-and-checksum-recorded; source-and-deposited-release-unresolved
repo:data/08-place-points-qgis/export20260619/streetsParamaribo1916map.geojson,data/08-place-points-qgis/export20260619/streetsParamaribo1916map.geojson,application/geo+json,63777,SHA-256,72113477c53d63e8e95e06c29cfbb33ed6ae881ee73444f64095080b163ff5d2,source-distribution,immutable-source,,,,repository-path-and-checksum-recorded; source-and-deposited-release-unresolved
repo:data/10-historic-maps-metadata.tsv,data/10-historic-maps-metadata.tsv,text/tab-separated-values,89739,SHA-256,ca8ff8130bd391446787944f727ee5ae45f6cd433227242251684dff4b36e9e6,source-distribution,immutable-source,,,,repository-path-and-checksum-recorded; source-and-deposited-release-unresolved
repo:data/organization-authority-overrides.jsonld,data/organization-authority-overrides.jsonld,application/ld+json,10597,SHA-256,f1ac625e4a83f7934358b93252967191e7f467d9ec81da603858c777af2d9838,editorial-state,editor-managed,,,,repository-path-and-checksum-recorded; deposited-release-unresolved
repo:data/place-types-thesaurus.jsonld,data/place-types-thesaurus.jsonld,application/ld+json,65082,SHA-256,573631ad403f9435133ccbd7a3e3933a7224a26cb231b8592e4565abf7019ca8,editorial-state,editor-managed,,,,repository-path-and-checksum-recorded; deposited-release-unresolved
repo:data/places-gazetteer.jsonld,data/places-gazetteer.jsonld,application/ld+json,28880810,SHA-256,cb321c69c1b9a147bac9bce1b9e950f24df19445f6248569d8460c3ace68109e,editorial-state,editor-managed,,,,repository-path-and-checksum-recorded; deposited-release-unresolved
repo:data/sources-registry.jsonld,data/sources-registry.jsonld,application/ld+json,109537,SHA-256,9e0ce61b9562e2263383dbec531ac1373cddcfb731db16844c17c066c3ad0474,editorial-state,editor-managed,,,,repository-path-and-checksum-recorded; deposited-release-unresolved
